city,crime,fatal,pending,gender,base_rate,base_rate_norm,exposure_score
Delhi,Theft,0,0,female,540.0,1.0,100.0
Delhi,Theft,0,0,female,540.0,1.0,100.0
Delhi,Theft,1,1,male,540.0,1.0,100.0
Delhi,Theft,0,0,male,540.0,1.0,100.0
Delhi,Theft,1,0,female,540.0,1.0,100.0
Delhi,Theft,0,1,female,540.0,1.0,100.0
Delhi,Theft,0,0,female,540.0,1.0,100.0
Delhi,Theft,1,1,female,540.0,1.0,100.0
Delhi,Theft,1,1,female,540.0,1.0,100.0
Delhi,Theft,1,1,male,540.0,1.0,100.0
Delhi,Theft,0,0,female,540.0,1.0,100.0
Delhi,Theft,1,0,male,540.0,1.0,100.0
Delhi,Theft,1,0,male,540.0,1.0,100.0
Delhi,Theft,0,0,male,540.0,1.0,100.0
Delhi,Theft,1,0,female,540.0,1.0,100.0
Delhi,Theft,1,1,female,540.0,1.0,100.0
Delhi,Theft,0,1,female,540.0,1.0,100.0
Delhi,Theft,1,0,female,540.0,1.0,100.0
Delhi,Theft,1,1,male,540.0,1.0,100.0
Delhi,Theft,0,1,female,540.0,1.0,100.0
Delhi,Robbery,1,1,male,180.0,0.3333333333333333,48.125
Delhi,Robbery,1,1,female,180.0,0.3333333333333333,45.83333333333333
Delhi,Robbery,0,1,female,180.0,0.3333333333333333,36.666666666666664
Delhi,Robbery,1,0,male,180.0,0.3333333333333333,43.74999999999999
Delhi,Robbery,0,1,female,180.0,0.3333333333333333,36.666666666666664
Delhi,Robbery,1,1,male,180.0,0.3333333333333333,48.125
Delhi,Robbery,1,0,female,180.0,0.3333333333333333,41.66666666666666
Delhi,Robbery,0,1,male,180.0,0.3333333333333333,38.5
Delhi,Robbery,0,1,male,180.0,0.3333333333333333,38.5
Delhi,Robbery,0,0,female,180.0,0.3333333333333333,33.33333333333333
Delhi,Robbery,1,0,female,180.0,0.3333333333333333,41.66666666666666
Delhi,Robbery,0,1,female,180.0,0.3333333333333333,36.666666666666664
Delhi,Robbery,1,0,female,180.0,0.3333333333333333,41.66666666666666
Delhi,Robbery,1,1,female,180.0,0.3333333333333333,45.83333333333333
Delhi,Robbery,0,0,male,180.0,0.3333333333333333,35.0
Delhi,Robbery,0,1,female,180.0,0.3333333333333333,36.666666666666664
Delhi,Robbery,0,1,male,180.0,0.3333333333333333,38.5
Delhi,Robbery,0,1,female,180.0,0.3333333333333333,36.666666666666664
Delhi,Robbery,0,0,female,180.0,0.3333333333333333,33.33333333333333
Delhi,Robbery,0,1,male,180.0,0.3333333333333333,38.5
Delhi,Assault,0,0,male,310.0,0.5740740740740741,60.27777777777778
Delhi,Assault,1,1,female,310.0,0.5740740740740741,78.93518518518519
Delhi,Assault,1,1,female,310.0,0.5740740740740741,78.93518518518519
Delhi,Assault,1,1,male,310.0,0.5740740740740741,82.88194444444446
Delhi,Assault,1,1,male,310.0,0.5740740740740741,82.88194444444446
Delhi,Assault,1,0,female,310.0,0.5740740740740741,71.75925925925925
Delhi,Assault,0,0,male,310.0,0.5740740740740741,60.27777777777778
Delhi,Assault,0,0,female,310.0,0.5740740740740741,57.407407407407405
Delhi,Assault,1,1,female,310.0,0.5740740740740741,78.93518518518519
Delhi,Assault,0,1,male,310.0,0.5740740740740741,66.30555555555556
Delhi,Assault,1,1,male,310.0,0.5740740740740741,82.88194444444446
Delhi,Assault,0,1,male,310.0,0.5740740740740741,66.30555555555556
Delhi,Assault,1,0,male,310.0,0.5740740740740741,75.34722222222221
Delhi,Assault,1,1,male,310.0,0.5740740740740741,82.88194444444446
Delhi,Assault,0,1,male,310.0,0.5740740740740741,66.30555555555556
Delhi,Assault,0,0,female,310.0,0.5740740740740741,57.407407407407405
Delhi,Assault,1,1,male,310.0,0.5740740740740741,82.88194444444446
Delhi,Assault,1,0,male,310.0,0.5740740740740741,75.34722222222221
Delhi,Assault,0,1,female,310.0,0.5740740740740741,63.14814814814815
Delhi,Assault,0,1,female,310.0,0.5740740740740741,63.14814814814815
Delhi,Rape,1,1,female,48.0,0.08888888888888889,12.222222222222223
Delhi,Rape,1,1,male,48.0,0.08888888888888889,12.833333333333336
Delhi,Rape,0,1,female,48.0,0.08888888888888889,9.777777777777779
Delhi,Rape,1,0,female,48.0,0.08888888888888889,11.11111111111111
Delhi,Rape,1,0,male,48.0,0.08888888888888889,11.666666666666666
Delhi,Rape,0,1,female,48.0,0.08888888888888889,9.777777777777779
Delhi,Rape,1,0,female,48.0,0.08888888888888889,11.11111111111111
Delhi,Rape,0,0,male,48.0,0.08888888888888889,9.333333333333334
Delhi,Rape,0,0,female,48.0,0.08888888888888889,8.88888888888889
Delhi,Rape,0,1,female,48.0,0.08888888888888889,9.777777777777779
Delhi,Rape,1,0,male,48.0,0.08888888888888889,11.666666666666666
Delhi,Rape,1,1,female,48.0,0.08888888888888889,12.222222222222223
Delhi,Rape,0,1,female,48.0,0.08888888888888889,9.777777777777779
Delhi,Rape,0,0,male,48.0,0.08888888888888889,9.333333333333334
Delhi,Rape,0,0,male,48.0,0.08888888888888889,9.333333333333334
Delhi,Rape,0,1,male,48.0,0.08888888888888889,10.266666666666667
Delhi,Rape,0,0,male,48.0,0.08888888888888889,9.333333333333334
Delhi,Rape,0,0,female,48.0,0.08888888888888889,8.88888888888889
Delhi,Rape,0,0,male,48.0,0.08888888888888889,9.333333333333334
Delhi,Rape,0,0,male,48.0,0.08888888888888889,9.333333333333334
Delhi,Murder,1,1,female,6.2,0.011481481481481481,1.5787037037037037
Delhi,Murder,0,0,male,6.2,0.011481481481481481,1.2055555555555555
Delhi,Murder,0,1,female,6.2,0.011481481481481481,1.262962962962963
Delhi,Murder,1,0,male,6.2,0.011481481481481481,1.5069444444444444
Delhi,Murder,0,0,female,6.2,0.011481481481481481,1.1481481481481481
Delhi,Murder,0,1,female,6.2,0.011481481481481481,1.262962962962963
Delhi,Murder,0,1,male,6.2,0.011481481481481481,1.3261111111111112
Delhi,Murder,1,1,female,6.2,0.011481481481481481,1.5787037037037037
Delhi,Murder,0,1,female,6.2,0.011481481481481481,1.262962962962963
Delhi,Murder,1,1,male,6.2,0.011481481481481481,1.6576388888888889
Delhi,Murder,1,1,male,6.2,0.011481481481481481,1.6576388888888889
Delhi,Murder,0,0,female,6.2,0.011481481481481481,1.1481481481481481
Delhi,Murder,0,1,male,6.2,0.011481481481481481,1.3261111111111112
Delhi,Murder,0,0,male,6.2,0.011481481481481481,1.2055555555555555
Delhi,Murder,0,0,female,6.2,0.011481481481481481,1.1481481481481481
Delhi,Murder,0,1,male,6.2,0.011481481481481481,1.3261111111111112
Delhi,Murder,1,0,female,6.2,0.011481481481481481,1.4351851851851851
Delhi,Murder,1,1,female,6.2,0.011481481481481481,1.5787037037037037
Delhi,Murder,1,1,female,6.2,0.011481481481481481,1.5787037037037037
Delhi,Murder,1,0,male,6.2,0.011481481481481481,1.5069444444444444
Delhi,CyberCrime,0,0,male,220.0,0.4074074074074074,42.77777777777778
Delhi,CyberCrime,1,1,male,220.0,0.4074074074074074,58.81944444444445
Delhi,CyberCrime,1,1,female,220.0,0.4074074074074074,56.01851851851852
Delhi,CyberCrime,1,1,male,220.0,0.4074074074074074,58.81944444444445
Delhi,CyberCrime,0,0,female,220.0,0.4074074074074074,40.74074074074074
Delhi,CyberCrime,0,1,female,220.0,0.4074074074074074,44.81481481481482
Delhi,CyberCrime,1,1,female,220.0,0.4074074074074074,56.01851851851852
Delhi,CyberCrime,0,1,male,220.0,0.4074074074074074,47.05555555555556
Delhi,CyberCrime,0,0,male,220.0,0.4074074074074074,42.77777777777778
Delhi,CyberCrime,1,0,female,220.0,0.4074074074074074,50.925925925925924
Delhi,CyberCrime,0,0,female,220.0,0.4074074074074074,40.74074074074074
Delhi,CyberCrime,1,0,female,220.0,0.4074074074074074,50.925925925925924
Delhi,CyberCrime,0,0,male,220.0,0.4074074074074074,42.77777777777778
Delhi,CyberCrime,0,0,male,220.0,0.4074074074074074,42.77777777777778
Delhi,CyberCrime,1,1,male,220.0,0.4074074074074074,58.81944444444445
Delhi,CyberCrime,1,1,male,220.0,0.4074074074074074,58.81944444444445
Delhi,CyberCrime,1,1,male,220.0,0.4074074074074074,58.81944444444445
Delhi,CyberCrime,0,0,male,220.0,0.4074074074074074,42.77777777777778
Delhi,CyberCrime,1,0,female,220.0,0.4074074074074074,50.925925925925924
Delhi,CyberCrime,1,0,female,220.0,0.4074074074074074,50.925925925925924
Mumbai,Theft,0,1,female,420.0,0.7777777777777778,85.55555555555557
Mumbai,Theft,1,1,male,420.0,0.7777777777777778,100.0
Mumbai,Theft,0,0,female,420.0,0.7777777777777778,77.77777777777779
Mumbai,Theft,0,0,male,420.0,0.7777777777777778,81.66666666666667
Mumbai,Theft,1,0,male,420.0,0.7777777777777778,100.0
Mumbai,Theft,0,1,male,420.0,0.7777777777777778,89.83333333333336
Mumbai,Theft,0,0,female,420.0,0.7777777777777778,77.77777777777779
Mumbai,Theft,0,1,male,420.0,0.7777777777777778,89.83333333333336
Mumbai,Theft,1,1,male,420.0,0.7777777777777778,100.0
Mumbai,Theft,1,0,female,420.0,0.7777777777777778,97.22222222222223
Mumbai,Theft,1,0,female,420.0,0.7777777777777778,97.22222222222223
Mumbai,Theft,1,0,female,420.0,0.7777777777777778,97.22222222222223
Mumbai,Theft,1,1,male,420.0,0.7777777777777778,100.0
Mumbai,Theft,0,1,male,420.0,0.7777777777777778,89.83333333333336
Mumbai,Theft,0,1,female,420.0,0.7777777777777778,85.55555555555557
Mumbai,Theft,1,0,female,420.0,0.7777777777777778,97.22222222222223
Mumbai,Theft,1,0,male,420.0,0.7777777777777778,100.0
Mumbai,Theft,0,1,male,420.0,0.7777777777777778,89.83333333333336
Mumbai,Theft,0,0,male,420.0,0.7777777777777778,81.66666666666667
Mumbai,Theft,1,0,female,420.0,0.7777777777777778,97.22222222222223
Mumbai,Robbery,0,0,female,130.0,0.24074074074074073,24.074074074074073
Mumbai,Robbery,1,1,male,130.0,0.24074074074074073,34.75694444444445
Mumbai,Robbery,1,0,female,130.0,0.24074074074074073,30.09259259259259
Mumbai,Robbery,1,0,female,130.0,0.24074074074074073,30.09259259259259
Mumbai,Robbery,1,1,female,130.0,0.24074074074074073,33.101851851851855
Mumbai,Robbery,0,1,female,130.0,0.24074074074074073,26.48148148148148
Mumbai,Robbery,0,1,female,130.0,0.24074074074074073,26.48148148148148
Mumbai,Robbery,1,1,male,130.0,0.24074074074074073,34.75694444444445
Mumbai,Robbery,1,1,male,130.0,0.24074074074074073,34.75694444444445
Mumbai,Robbery,0,0,female,130.0,0.24074074074074073,24.074074074074073
Mumbai,Robbery,0,1,female,130.0,0.24074074074074073,26.48148148148148
Mumbai,Robbery,1,0,male,130.0,0.24074074074074073,31.59722222222222
Mumbai,Robbery,1,1,female,130.0,0.24074074074074073,33.101851851851855
Mumbai,Robbery,0,1,female,130.0,0.24074074074074073,26.48148148148148
Mumbai,Robbery,1,1,male,130.0,0.24074074074074073,34.75694444444445
Mumbai,Robbery,1,0,female,130.0,0.24074074074074073,30.09259259259259
Mumbai,Robbery,0,1,male,130.0,0.24074074074074073,27.805555555555557
Mumbai,Robbery,0,1,female,130.0,0.24074074074074073,26.48148148148148
Mumbai,Robbery,1,0,male,130.0,0.24074074074074073,31.59722222222222
Mumbai,Robbery,0,1,female,130.0,0.24074074074074073,26.48148148148148
Mumbai,Assault,0,0,male,260.0,0.48148148148148145,50.55555555555556
Mumbai,Assault,1,1,female,260.0,0.48148148148148145,66.20370370370371
Mumbai,Assault,0,1,male,260.0,0.48148148148148145,55.611111111111114
Mumbai,Assault,0,0,female,260.0,0.48148148148148145,48.148148148148145
Mumbai,Assault,1,0,male,260.0,0.48148148148148145,63.19444444444444
Mumbai,Assault,1,0,female,260.0,0.48148148148148145,60.18518518518518
Mumbai,Assault,1,1,male,260.0,0.48148148148148145,69.5138888888889
Mumbai,Assault,0,1,male,260.0,0.48148148148148145,55.611111111111114
Mumbai,Assault,1,0,female,260.0,0.48148148148148145,60.18518518518518
Mumbai,Assault,0,1,male,260.0,0.48148148148148145,55.611111111111114
Mumbai,Assault,1,0,male,260.0,0.48148148148148145,63.19444444444444
Mumbai,Assault,0,0,female,260.0,0.48148148148148145,48.148148148148145
Mumbai,Assault,1,1,male,260.0,0.48148148148148145,69.5138888888889
Mumbai,Assault,0,1,male,260.0,0.48148148148148145,55.611111111111114
Mumbai,Assault,0,1,male,260.0,0.48148148148148145,55.611111111111114
Mumbai,Assault,0,1,female,260.0,0.48148148148148145,52.96296296296296
Mumbai,Assault,1,0,male,260.0,0.48148148148148145,63.19444444444444
Mumbai,Assault,0,1,female,260.0,0.48148148148148145,52.96296296296296
Mumbai,Assault,0,0,female,260.0,0.48148148148148145,48.148148148148145
Mumbai,Assault,1,1,male,260.0,0.48148148148148145,69.5138888888889
Mumbai,Rape,1,1,female,32.0,0.05925925925925926,8.14814814814815
Mumbai,Rape,0,1,female,32.0,0.05925925925925926,6.51851851851852
Mumbai,Rape,0,1,male,32.0,0.05925925925925926,6.844444444444446
Mumbai,Rape,1,0,male,32.0,0.05925925925925926,7.7777777777777795
Mumbai,Rape,1,0,female,32.0,0.05925925925925926,7.407407407407408
Mumbai,Rape,1,1,male,32.0,0.05925925925925926,8.555555555555559
Mumbai,Rape,1,1,male,32.0,0.05925925925925926,8.555555555555559
Mumbai,Rape,0,1,male,32.0,0.05925925925925926,6.844444444444446
Mumbai,Rape,0,0,male,32.0,0.05925925925925926,6.222222222222223
Mumbai,Rape,1,0,male,32.0,0.05925925925925926,7.7777777777777795
Mumbai,Rape,0,0,female,32.0,0.05925925925925926,5.9259259259259265
Mumbai,Rape,1,1,female,32.0,0.05925925925925926,8.14814814814815
Mumbai,Rape,1,1,male,32.0,0.05925925925925926,8.555555555555559
Mumbai,Rape,1,0,male,32.0,0.05925925925925926,7.7777777777777795
Mumbai,Rape,0,0,male,32.0,0.05925925925925926,6.222222222222223
Mumbai,Rape,0,1,male,32.0,0.05925925925925926,6.844444444444446
Mumbai,Rape,1,1,male,32.0,0.05925925925925926,8.555555555555559
Mumbai,Rape,0,1,male,32.0,0.05925925925925926,6.844444444444446
Mumbai,Rape,0,1,female,32.0,0.05925925925925926,6.51851851851852
Mumbai,Rape,1,1,male,32.0,0.05925925925925926,8.555555555555559
Mumbai,Murder,1,0,male,3.8,0.007037037037037037,0.9236111111111112
Mumbai,Murder,1,1,female,3.8,0.007037037037037037,0.9675925925925927
Mumbai,Murder,1,0,female,3.8,0.007037037037037037,0.8796296296296297
Mumbai,Murder,1,0,female,3.8,0.007037037037037037,0.8796296296296297
Mumbai,Murder,0,1,male,3.8,0.007037037037037037,0.8127777777777779
Mumbai,Murder,1,1,female,3.8,0.007037037037037037,0.9675925925925927
Mumbai,Murder,1,0,female,3.8,0.007037037037037037,0.8796296296296297
Mumbai,Murder,0,1,male,3.8,0.007037037037037037,0.8127777777777779
Mumbai,Murder,1,1,male,3.8,0.007037037037037037,1.0159722222222223
Mumbai,Murder,1,0,male,3.8,0.007037037037037037,0.9236111111111112
Mumbai,Murder,1,1,female,3.8,0.007037037037037037,0.9675925925925927
Mumbai,Murder,0,1,female,3.8,0.007037037037037037,0.7740740740740741
Mumbai,Murder,1,1,female,3.8,0.007037037037037037,0.9675925925925927
Mumbai,Murder,1,0,male,3.8,0.007037037037037037,0.9236111111111112
Mumbai,Murder,0,0,male,3.8,0.007037037037037037,0.7388888888888889
Mumbai,Murder,1,0,female,3.8,0.007037037037037037,0.8796296296296297
Mumbai,Murder,0,0,female,3.8,0.007037037037037037,0.7037037037037037
Mumbai,Murder,1,0,male,3.8,0.007037037037037037,0.9236111111111112
Mumbai,Murder,1,0,male,3.8,0.007037037037037037,0.9236111111111112
Mumbai,Murder,1,0,male,3.8,0.007037037037037037,0.9236111111111112
Mumbai,CyberCrime,0,1,female,190.0,0.35185185185185186,38.7037037037037
Mumbai,CyberCrime,1,1,male,190.0,0.35185185185185186,50.798611111111114
Mumbai,CyberCrime,0,0,male,190.0,0.35185185185185186,36.94444444444444
Mumbai,CyberCrime,0,1,male,190.0,0.35185185185185186,40.638888888888886
Mumbai,CyberCrime,1,1,male,190.0,0.35185185185185186,50.798611111111114
Mumbai,CyberCrime,1,0,female,190.0,0.35185185185185186,43.98148148148148
Mumbai,CyberCrime,0,1,male,190.0,0.35185185185185186,40.638888888888886
Mumbai,CyberCrime,0,0,male,190.0,0.35185185185185186,36.94444444444444
Mumbai,CyberCrime,0,1,female,190.0,0.35185185185185186,38.7037037037037
Mumbai,CyberCrime,1,1,female,190.0,0.35185185185185186,48.37962962962963
Mumbai,CyberCrime,0,0,male,190.0,0.35185185185185186,36.94444444444444
Mumbai,CyberCrime,0,0,male,190.0,0.35185185185185186,36.94444444444444
Mumbai,CyberCrime,0,0,female,190.0,0.35185185185185186,35.18518518518518
Mumbai,CyberCrime,0,1,male,190.0,0.35185185185185186,40.638888888888886
Mumbai,CyberCrime,1,0,female,190.0,0.35185185185185186,43.98148148148148
Mumbai,CyberCrime,1,0,female,190.0,0.35185185185185186,43.98148148148148
Mumbai,CyberCrime,0,0,female,190.0,0.35185185185185186,35.18518518518518
Mumbai,CyberCrime,0,0,female,190.0,0.35185185185185186,35.18518518518518
Mumbai,CyberCrime,0,0,female,190.0,0.35185185185185186,35.18518518518518
Mumbai,CyberCrime,0,1,female,190.0,0.35185185185185186,38.7037037037037
Bengaluru,Theft,0,0,female,390.0,0.7222222222222222,72.22222222222221
Bengaluru,Theft,0,0,female,390.0,0.7222222222222222,72.22222222222221
Bengaluru,Theft,1,1,female,390.0,0.7222222222222222,99.30555555555556
Bengaluru,Theft,1,1,female,390.0,0.7222222222222222,99.30555555555556
Bengaluru,Theft,0,0,female,390.0,0.7222222222222222,72.22222222222221
Bengaluru,Theft,1,0,male,390.0,0.7222222222222222,94.79166666666666
Bengaluru,Theft,0,0,male,390.0,0.7222222222222222,75.83333333333333
Bengaluru,Theft,1,1,female,390.0,0.7222222222222222,99.30555555555556
Bengaluru,Theft,0,0,male,390.0,0.7222222222222222,75.83333333333333
Bengaluru,Theft,1,0,male,390.0,0.7222222222222222,94.79166666666666
Bengaluru,Theft,1,0,male,390.0,0.7222222222222222,94.79166666666666
Bengaluru,Theft,0,0,male,390.0,0.7222222222222222,75.83333333333333
Bengaluru,Theft,0,1,female,390.0,0.7222222222222222,79.44444444444444
Bengaluru,Theft,0,1,male,390.0,0.7222222222222222,83.41666666666667
Bengaluru,Theft,0,1,female,390.0,0.7222222222222222,79.44444444444444
Bengaluru,Theft,0,0,female,390.0,0.7222222222222222,72.22222222222221
Bengaluru,Theft,0,0,male,390.0,0.7222222222222222,75.83333333333333
Bengaluru,Theft,0,0,female,390.0,0.7222222222222222,72.22222222222221
Bengaluru,Theft,0,1,female,390.0,0.7222222222222222,79.44444444444444
Bengaluru,Theft,0,1,male,390.0,0.7222222222222222,83.41666666666667
Bengaluru,Robbery,0,0,male,110.0,0.2037037037037037,21.38888888888889
Bengaluru,Robbery,0,1,male,110.0,0.2037037037037037,23.52777777777778
Bengaluru,Robbery,0,0,male,110.0,0.2037037037037037,21.38888888888889
Bengaluru,Robbery,0,0,male,110.0,0.2037037037037037,21.38888888888889
Bengaluru,Robbery,1,0,male,110.0,0.2037037037037037,26.73611111111111
Bengaluru,Robbery,0,0,male,110.0,0.2037037037037037,21.38888888888889
Bengaluru,Robbery,1,0,female,110.0,0.2037037037037037,25.462962962962962
Bengaluru,Robbery,0,1,female,110.0,0.2037037037037037,22.40740740740741
Bengaluru,Robbery,1,1,male,110.0,0.2037037037037037,29.409722222222225
Bengaluru,Robbery,0,1,male,110.0,0.2037037037037037,23.52777777777778
Bengaluru,Robbery,0,0,male,110.0,0.2037037037037037,21.38888888888889
Bengaluru,Robbery,1,1,female,110.0,0.2037037037037037,28.00925925925926
Bengaluru,Robbery,1,1,female,110.0,0.2037037037037037,28.00925925925926
Bengaluru,Robbery,0,1,female,110.0,0.2037037037037037,22.40740740740741
Bengaluru,Robbery,1,0,male,110.0,0.2037037037037037,26.73611111111111
Bengaluru,Robbery,0,1,female,110.0,0.2037037037037037,22.40740740740741
Bengaluru,Robbery,0,1,female,110.0,0.2037037037037037,22.40740740740741
Bengaluru,Robbery,0,0,female,110.0,0.2037037037037037,20.37037037037037
Bengaluru,Robbery,0,0,female,110.0,0.2037037037037037,20.37037037037037
Bengaluru,Robbery,0,0,female,110.0,0.2037037037037037,20.37037037037037
Bengaluru,Assault,1,0,male,240.0,0.4444444444444444,58.333333333333336
Bengaluru,Assault,1,0,male,240.0,0.4444444444444444,58.333333333333336
Bengaluru,Assault,0,0,male,240.0,0.4444444444444444,46.666666666666664
Bengaluru,Assault,1,1,male,240.0,0.4444444444444444,64.16666666666667
Bengaluru,Assault,1,1,male,240.0,0.4444444444444444,64.16666666666667
Bengaluru,Assault,1,0,female,240.0,0.4444444444444444,55.55555555555556
Bengaluru,Assault,0,1,female,240.0,0.4444444444444444,48.88888888888889
Bengaluru,Assault,0,0,female,240.0,0.4444444444444444,44.44444444444444
Bengaluru,Assault,1,1,female,240.0,0.4444444444444444,61.111111111111114
Bengaluru,Assault,1,0,male,240.0,0.4444444444444444,58.333333333333336
Bengaluru,Assault,1,0,male,240.0,0.4444444444444444,58.333333333333336
Bengaluru,Assault,1,0,female,240.0,0.4444444444444444,55.55555555555556
Bengaluru,Assault,1,1,male,240.0,0.4444444444444444,64.16666666666667
Bengaluru,Assault,0,0,male,240.0,0.4444444444444444,46.666666666666664
Bengaluru,Assault,1,0,female,240.0,0.4444444444444444,55.55555555555556
Bengaluru,Assault,1,0,female,240.0,0.4444444444444444,55.55555555555556
Bengaluru,Assault,0,0,male,240.0,0.4444444444444444,46.666666666666664
Bengaluru,Assault,0,0,male,240.0,0.4444444444444444,46.666666666666664
Bengaluru,Assault,1,0,female,240.0,0.4444444444444444,55.55555555555556
Bengaluru,Assault,1,1,female,240.0,0.4444444444444444,61.111111111111114
Bengaluru,Rape,0,1,male,34.0,0.06296296296296296,7.272222222222222
Bengaluru,Rape,1,1,male,34.0,0.06296296296296296,9.090277777777779
Bengaluru,Rape,1,0,female,34.0,0.06296296296296296,7.87037037037037
Bengaluru,Rape,0,1,female,34.0,0.06296296296296296,6.925925925925926
Bengaluru,Rape,1,0,female,34.0,0.06296296296296296,7.87037037037037
Bengaluru,Rape,0,0,female,34.0,0.06296296296296296,6.296296296296296
Bengaluru,Rape,0,1,female,34.0,0.06296296296296296,6.925925925925926
Bengaluru,Rape,1,1,male,34.0,0.06296296296296296,9.090277777777779
Bengaluru,Rape,1,1,male,34.0,0.06296296296296296,9.090277777777779
Bengaluru,Rape,1,1,female,34.0,0.06296296296296296,8.657407407407408
Bengaluru,Rape,1,1,male,34.0,0.06296296296296296,9.090277777777779
Bengaluru,Rape,1,1,male,34.0,0.06296296296296296,9.090277777777779
Bengaluru,Rape,0,0,female,34.0,0.06296296296296296,6.296296296296296
Bengaluru,Rape,0,0,female,34.0,0.06296296296296296,6.296296296296296
Bengaluru,Rape,1,0,female,34.0,0.06296296296296296,7.87037037037037
Bengaluru,Rape,0,1,male,34.0,0.06296296296296296,7.272222222222222
Bengaluru,Rape,1,1,male,34.0,0.06296296296296296,9.090277777777779
Bengaluru,Rape,0,0,female,34.0,0.06296296296296296,6.296296296296296
Bengaluru,Rape,0,1,female,34.0,0.06296296296296296,6.925925925925926
Bengaluru,Rape,1,0,female,34.0,0.06296296296296296,7.87037037037037
Bengaluru,Murder,1,0,female,4.1,0.007592592592592592,0.949074074074074
Bengaluru,Murder,0,0,male,4.1,0.007592592592592592,0.7972222222222222
Bengaluru,Murder,1,1,male,4.1,0.007592592592592592,1.0961805555555555
Bengaluru,Murder,0,1,female,4.1,0.007592592592592592,0.8351851851851851
Bengaluru,Murder,1,1,female,4.1,0.007592592592592592,1.0439814814814814
Bengaluru,Murder,0,1,female,4.1,0.007592592592592592,0.8351851851851851
Bengaluru,Murder,1,1,female,4.1,0.007592592592592592,1.0439814814814814
Bengaluru,Murder,0,0,female,4.1,0.007592592592592592,0.7592592592592592
Bengaluru,Murder,1,1,male,4.1,0.007592592592592592,1.0961805555555555
Bengaluru,Murder,1,0,female,4.1,0.007592592592592592,0.949074074074074
Bengaluru,Murder,0,1,male,4.1,0.007592592592592592,0.8769444444444444
Bengaluru,Murder,1,1,female,4.1,0.007592592592592592,1.0439814814814814
Bengaluru,Murder,0,0,female,4.1,0.007592592592592592,0.7592592592592592
Bengaluru,Murder,1,1,male,4.1,0.007592592592592592,1.0961805555555555
Bengaluru,Murder,1,1,male,4.1,0.007592592592592592,1.0961805555555555
Bengaluru,Murder,1,1,female,4.1,0.007592592592592592,1.0439814814814814
Bengaluru,Murder,1,0,male,4.1,0.007592592592592592,0.9965277777777777
Bengaluru,Murder,1,0,male,4.1,0.007592592592592592,0.9965277777777777
Bengaluru,Murder,0,1,female,4.1,0.007592592592592592,0.8351851851851851
Bengaluru,Murder,1,0,male,4.1,0.007592592592592592,0.9965277777777777
Bengaluru,CyberCrime,0,0,female,260.0,0.48148148148148145,48.148148148148145
Bengaluru,CyberCrime,1,1,female,260.0,0.48148148148148145,66.20370370370371
Bengaluru,CyberCrime,1,1,male,260.0,0.48148148148148145,69.5138888888889
Bengaluru,CyberCrime,1,0,male,260.0,0.48148148148148145,63.19444444444444
Bengaluru,CyberCrime,0,0,male,260.0,0.48148148148148145,50.55555555555556
Bengaluru,CyberCrime,0,0,female,260.0,0.48148148148148145,48.148148148148145
Bengaluru,CyberCrime,1,1,male,260.0,0.48148148148148145,69.5138888888889
Bengaluru,CyberCrime,0,0,female,260.0,0.48148148148148145,48.148148148148145
Bengaluru,CyberCrime,0,1,male,260.0,0.48148148148148145,55.611111111111114
Bengaluru,CyberCrime,1,0,male,260.0,0.48148148148148145,63.19444444444444
Bengaluru,CyberCrime,1,0,female,260.0,0.48148148148148145,60.18518518518518
Bengaluru,CyberCrime,0,0,female,260.0,0.48148148148148145,48.148148148148145
Bengaluru,CyberCrime,1,0,male,260.0,0.48148148148148145,63.19444444444444
Bengaluru,CyberCrime,0,1,male,260.0,0.48148148148148145,55.611111111111114
Bengaluru,CyberCrime,1,1,male,260.0,0.48148148148148145,69.5138888888889
Bengaluru,CyberCrime,1,0,female,260.0,0.48148148148148145,60.18518518518518
Bengaluru,CyberCrime,0,0,female,260.0,0.48148148148148145,48.148148148148145
Bengaluru,CyberCrime,0,0,male,260.0,0.48148148148148145,50.55555555555556
Bengaluru,CyberCrime,0,0,male,260.0,0.48148148148148145,50.55555555555556
Bengaluru,CyberCrime,1,1,female,260.0,0.48148148148148145,66.20370370370371
Hyderabad,Theft,0,1,female,360.0,0.6666666666666666,73.33333333333333
Hyderabad,Theft,0,0,male,360.0,0.6666666666666666,70.0
Hyderabad,Theft,1,0,male,360.0,0.6666666666666666,87.49999999999999
Hyderabad,Theft,1,1,male,360.0,0.6666666666666666,96.25
Hyderabad,Theft,0,0,female,360.0,0.6666666666666666,66.66666666666666
Hyderabad,Theft,0,1,female,360.0,0.6666666666666666,73.33333333333333
Hyderabad,Theft,0,1,male,360.0,0.6666666666666666,77.0
Hyderabad,Theft,1,0,male,360.0,0.6666666666666666,87.49999999999999
Hyderabad,Theft,0,0,male,360.0,0.6666666666666666,70.0
Hyderabad,Theft,1,1,male,360.0,0.6666666666666666,96.25
Hyderabad,Theft,1,0,female,360.0,0.6666666666666666,83.33333333333331
Hyderabad,Theft,1,0,male,360.0,0.6666666666666666,87.49999999999999
Hyderabad,Theft,0,1,female,360.0,0.6666666666666666,73.33333333333333
Hyderabad,Theft,0,1,female,360.0,0.6666666666666666,73.33333333333333
Hyderabad,Theft,1,1,male,360.0,0.6666666666666666,96.25
Hyderabad,Theft,1,0,female,360.0,0.6666666666666666,83.33333333333331
Hyderabad,Theft,1,0,female,360.0,0.6666666666666666,83.33333333333331
Hyderabad,Theft,0,0,male,360.0,0.6666666666666666,70.0
Hyderabad,Theft,0,1,male,360.0,0.6666666666666666,77.0
Hyderabad,Theft,1,1,male,360.0,0.6666666666666666,96.25
Hyderabad,Robbery,0,0,female,95.0,0.17592592592592593,17.59259259259259
Hyderabad,Robbery,0,0,female,95.0,0.17592592592592593,17.59259259259259
Hyderabad,Robbery,0,1,female,95.0,0.17592592592592593,19.35185185185185
Hyderabad,Robbery,0,1,female,95.0,0.17592592592592593,19.35185185185185
Hyderabad,Robbery,1,1,male,95.0,0.17592592592592593,25.399305555555557
Hyderabad,Robbery,0,1,male,95.0,0.17592592592592593,20.319444444444443
Hyderabad,Robbery,1,0,male,95.0,0.17592592592592593,23.09027777777778
Hyderabad,Robbery,1,0,male,95.0,0.17592592592592593,23.09027777777778
Hyderabad,Robbery,1,1,female,95.0,0.17592592592592593,24.189814814814817
Hyderabad,Robbery,0,0,male,95.0,0.17592592592592593,18.47222222222222
Hyderabad,Robbery,0,1,female,95.0,0.17592592592592593,19.35185185185185
Hyderabad,Robbery,0,1,male,95.0,0.17592592592592593,20.319444444444443
Hyderabad,Robbery,1,1,male,95.0,0.17592592592592593,25.399305555555557
Hyderabad,Robbery,1,0,male,95.0,0.17592592592592593,23.09027777777778
Hyderabad,Robbery,1,1,male,95.0,0.17592592592592593,25.399305555555557
Hyderabad,Robbery,1,0,male,95.0,0.17592592592592593,23.09027777777778
Hyderabad,Robbery,1,0,male,95.0,0.17592592592592593,23.09027777777778
Hyderabad,Robbery,0,0,female,95.0,0.17592592592592593,17.59259259259259
Hyderabad,Robbery,1,1,male,95.0,0.17592592592592593,25.399305555555557
Hyderabad,Robbery,0,1,male,95.0,0.17592592592592593,20.319444444444443
Hyderabad,Assault,0,0,female,220.0,0.4074074074074074,40.74074074074074
Hyderabad,Assault,0,0,female,220.0,0.4074074074074074,40.74074074074074
Hyderabad,Assault,0,1,female,220.0,0.4074074074074074,44.81481481481482
Hyderabad,Assault,0,0,male,220.0,0.4074074074074074,42.77777777777778
Hyderabad,Assault,0,1,male,220.0,0.4074074074074074,47.05555555555556
Hyderabad,Assault,1,1,male,220.0,0.4074074074074074,58.81944444444445
Hyderabad,Assault,1,1,female,220.0,0.4074074074074074,56.01851851851852
Hyderabad,Assault,1,0,male,220.0,0.4074074074074074,53.47222222222222
Hyderabad,Assault,1,1,male,220.0,0.4074074074074074,58.81944444444445
Hyderabad,Assault,1,0,male,220.0,0.4074074074074074,53.47222222222222
Hyderabad,Assault,0,1,male,220.0,0.4074074074074074,47.05555555555556
Hyderabad,Assault,1,1,male,220.0,0.4074074074074074,58.81944444444445
Hyderabad,Assault,1,1,male,220.0,0.4074074074074074,58.81944444444445
Hyderabad,Assault,0,1,male,220.0,0.4074074074074074,47.05555555555556
Hyderabad,Assault,1,1,male,220.0,0.4074074074074074,58.81944444444445
Hyderabad,Assault,0,0,male,220.0,0.4074074074074074,42.77777777777778
Hyderabad,Assault,1,0,male,220.0,0.4074074074074074,53.47222222222222
Hyderabad,Assault,1,1,female,220.0,0.4074074074074074,56.01851851851852
Hyderabad,Assault,0,0,female,220.0,0.4074074074074074,40.74074074074074
Hyderabad,Assault,1,0,female,220.0,0.4074074074074074,50.925925925925924
Hyderabad,Rape,1,0,female,28.0,0.05185185185185185,6.481481481481481
Hyderabad,Rape,0,1,male,28.0,0.05185185185185185,5.98888888888889
Hyderabad,Rape,1,0,female,28.0,0.05185185185185185,6.481481481481481
Hyderabad,Rape,0,0,male,28.0,0.05185185185185185,5.444444444444445
Hyderabad,Rape,1,0,male,28.0,0.05185185185185185,6.805555555555555
Hyderabad,Rape,0,0,female,28.0,0.05185185185185185,5.185185185185185
Hyderabad,Rape,1,1,female,28.0,0.05185185185185185,7.12962962962963
Hyderabad,Rape,1,1,female,28.0,0.05185185185185185,7.12962962962963
Hyderabad,Rape,1,0,female,28.0,0.05185185185185185,6.481481481481481
Hyderabad,Rape,1,0,male,28.0,0.05185185185185185,6.805555555555555
Hyderabad,Rape,0,0,male,28.0,0.05185185185185185,5.444444444444445
Hyderabad,Rape,1,1,female,28.0,0.05185185185185185,7.12962962962963
Hyderabad,Rape,0,0,female,28.0,0.05185185185185185,5.185185185185185
Hyderabad,Rape,0,1,male,28.0,0.05185185185185185,5.98888888888889
Hyderabad,Rape,1,0,male,28.0,0.05185185185185185,6.805555555555555
Hyderabad,Rape,1,0,male,28.0,0.05185185185185185,6.805555555555555
Hyderabad,Rape,0,1,male,28.0,0.05185185185185185,5.98888888888889
Hyderabad,Rape,1,1,female,28.0,0.05185185185185185,7.12962962962963
Hyderabad,Rape,0,1,female,28.0,0.05185185185185185,5.703703703703704
Hyderabad,Rape,1,0,male,28.0,0.05185185185185185,6.805555555555555
Hyderabad,Murder,0,1,male,3.4,0.006296296296296296,0.7272222222222223
Hyderabad,Murder,0,1,male,3.4,0.006296296296296296,0.7272222222222223
Hyderabad,Murder,0,1,female,3.4,0.006296296296296296,0.6925925925925926
Hyderabad,Murder,1,0,female,3.4,0.006296296296296296,0.7870370370370371
Hyderabad,Murder,0,0,male,3.4,0.006296296296296296,0.6611111111111112
Hyderabad,Murder,1,1,female,3.4,0.006296296296296296,0.8657407407407409
Hyderabad,Murder,1,1,male,3.4,0.006296296296296296,0.909027777777778
Hyderabad,Murder,1,1,male,3.4,0.006296296296296296,0.909027777777778
Hyderabad,Murder,0,0,male,3.4,0.006296296296296296,0.6611111111111112
Hyderabad,Murder,0,0,male,3.4,0.006296296296296296,0.6611111111111112
Hyderabad,Murder,1,0,female,3.4,0.006296296296296296,0.7870370370370371
Hyderabad,Murder,1,1,male,3.4,0.006296296296296296,0.909027777777778
Hyderabad,Murder,0,0,male,3.4,0.006296296296296296,0.6611111111111112
Hyderabad,Murder,1,1,male,3.4,0.006296296296296296,0.909027777777778
Hyderabad,Murder,1,1,female,3.4,0.006296296296296296,0.8657407407407409
Hyderabad,Murder,0,0,male,3.4,0.006296296296296296,0.6611111111111112
Hyderabad,Murder,0,1,male,3.4,0.006296296296296296,0.7272222222222223
Hyderabad,Murder,0,0,male,3.4,0.006296296296296296,0.6611111111111112
Hyderabad,Murder,0,0,female,3.4,0.006296296296296296,0.6296296296296297
Hyderabad,Murder,1,0,male,3.4,0.006296296296296296,0.826388888888889
Hyderabad,CyberCrime,1,1,female,210.0,0.3888888888888889,53.47222222222223
Hyderabad,CyberCrime,0,1,female,210.0,0.3888888888888889,42.777777777777786
Hyderabad,CyberCrime,1,0,male,210.0,0.3888888888888889,51.04166666666667
Hyderabad,CyberCrime,0,1,female,210.0,0.3888888888888889,42.777777777777786
Hyderabad,CyberCrime,0,1,male,210.0,0.3888888888888889,44.91666666666668
Hyderabad,CyberCrime,1,0,male,210.0,0.3888888888888889,51.04166666666667
Hyderabad,CyberCrime,0,1,male,210.0,0.3888888888888889,44.91666666666668
Hyderabad,CyberCrime,0,0,female,210.0,0.3888888888888889,38.88888888888889
Hyderabad,CyberCrime,0,0,male,210.0,0.3888888888888889,40.833333333333336
Hyderabad,CyberCrime,0,0,female,210.0,0.3888888888888889,38.88888888888889
Hyderabad,CyberCrime,1,0,male,210.0,0.3888888888888889,51.04166666666667
Hyderabad,CyberCrime,0,1,male,210.0,0.3888888888888889,44.91666666666668
Hyderabad,CyberCrime,0,1,male,210.0,0.3888888888888889,44.91666666666668
Hyderabad,CyberCrime,1,1,male,210.0,0.3888888888888889,56.14583333333334
Hyderabad,CyberCrime,1,1,male,210.0,0.3888888888888889,56.14583333333334
Hyderabad,CyberCrime,0,0,male,210.0,0.3888888888888889,40.833333333333336
Hyderabad,CyberCrime,0,1,female,210.0,0.3888888888888889,42.777777777777786
Hyderabad,CyberCrime,0,1,female,210.0,0.3888888888888889,42.777777777777786
Hyderabad,CyberCrime,1,1,male,210.0,0.3888888888888889,56.14583333333334
Hyderabad,CyberCrime,1,0,male,210.0,0.3888888888888889,51.04166666666667
Chennai,Theft,0,1,female,310.0,0.5740740740740741,63.14814814814815
Chennai,Theft,1,1,female,310.0,0.5740740740740741,78.93518518518519
Chennai,Theft,0,0,female,310.0,0.5740740740740741,57.407407407407405
Chennai,Theft,0,1,male,310.0,0.5740740740740741,66.30555555555556
Chennai,Theft,0,0,male,310.0,0.5740740740740741,60.27777777777778
Chennai,Theft,1,0,female,310.0,0.5740740740740741,71.75925925925925
Chennai,Theft,0,1,male,310.0,0.5740740740740741,66.30555555555556
Chennai,Theft,1,1,male,310.0,0.5740740740740741,82.88194444444446
Chennai,Theft,1,1,male,310.0,0.5740740740740741,82.88194444444446
Chennai,Theft,0,1,male,310.0,0.5740740740740741,66.30555555555556
Chennai,Theft,1,0,female,310.0,0.5740740740740741,71.75925925925925
Chennai,Theft,1,1,female,310.0,0.5740740740740741,78.93518518518519
Chennai,Theft,0,1,male,310.0,0.5740740740740741,66.30555555555556
Chennai,Theft,0,1,female,310.0,0.5740740740740741,63.14814814814815
Chennai,Theft,1,0,female,310.0,0.5740740740740741,71.75925925925925
Chennai,Theft,1,0,female,310.0,0.5740740740740741,71.75925925925925
Chennai,Theft,0,1,female,310.0,0.5740740740740741,63.14814814814815
Chennai,Theft,1,1,female,310.0,0.5740740740740741,78.93518518518519
Chennai,Theft,0,1,male,310.0,0.5740740740740741,66.30555555555556
Chennai,Theft,0,1,male,310.0,0.5740740740740741,66.30555555555556
Chennai,Robbery,0,1,female,80.0,0.14814814814814814,16.296296296296294
Chennai,Robbery,0,1,male,80.0,0.14814814814814814,17.11111111111111
Chennai,Robbery,0,1,male,80.0,0.14814814814814814,17.11111111111111
Chennai,Robbery,0,1,female,80.0,0.14814814814814814,16.296296296296294
Chennai,Robbery,1,0,female,80.0,0.14814814814814814,18.518518518518515
Chennai,Robbery,1,0,male,80.0,0.14814814814814814,19.444444444444443
Chennai,Robbery,1,1,male,80.0,0.14814814814814814,21.38888888888889
Chennai,Robbery,0,1,male,80.0,0.14814814814814814,17.11111111111111
Chennai,Robbery,1,1,female,80.0,0.14814814814814814,20.37037037037037
Chennai,Robbery,1,0,female,80.0,0.14814814814814814,18.518518518518515
Chennai,Robbery,1,1,male,80.0,0.14814814814814814,21.38888888888889
Chennai,Robbery,0,1,male,80.0,0.14814814814814814,17.11111111111111
Chennai,Robbery,1,0,female,80.0,0.14814814814814814,18.518518518518515
Chennai,Robbery,0,1,female,80.0,0.14814814814814814,16.296296296296294
Chennai,Robbery,1,0,male,80.0,0.14814814814814814,19.444444444444443
Chennai,Robbery,0,0,female,80.0,0.14814814814814814,14.814814814814813
Chennai,Robbery,0,0,female,80.0,0.14814814814814814,14.814814814814813
Chennai,Robbery,1,1,female,80.0,0.14814814814814814,20.37037037037037
Chennai,Robbery,0,0,female,80.0,0.14814814814814814,14.814814814814813
Chennai,Robbery,1,0,female,80.0,0.14814814814814814,18.518518518518515
Chennai,Assault,1,0,female,200.0,0.37037037037037035,46.2962962962963
Chennai,Assault,1,1,male,200.0,0.37037037037037035,53.47222222222223
Chennai,Assault,0,0,male,200.0,0.37037037037037035,38.88888888888889
Chennai,Assault,1,0,female,200.0,0.37037037037037035,46.2962962962963
Chennai,Assault,0,1,male,200.0,0.37037037037037035,42.777777777777786
Chennai,Assault,0,1,male,200.0,0.37037037037037035,42.777777777777786
Chennai,Assault,1,0,female,200.0,0.37037037037037035,46.2962962962963
Chennai,Assault,1,0,female,200.0,0.37037037037037035,46.2962962962963
Chennai,Assault,1,1,male,200.0,0.37037037037037035,53.47222222222223
Chennai,Assault,0,1,female,200.0,0.37037037037037035,40.74074074074075
Chennai,Assault,1,0,female,200.0,0.37037037037037035,46.2962962962963
Chennai,Assault,0,0,male,200.0,0.37037037037037035,38.88888888888889
Chennai,Assault,1,0,female,200.0,0.37037037037037035,46.2962962962963
Chennai,Assault,1,1,female,200.0,0.37037037037037035,50.92592592592593
Chennai,Assault,1,0,male,200.0,0.37037037037037035,48.611111111111114
Chennai,Assault,1,0,male,200.0,0.37037037037037035,48.611111111111114
Chennai,Assault,0,0,female,200.0,0.37037037037037035,37.03703703703704
Chennai,Assault,0,0,male,200.0,0.37037037037037035,38.88888888888889
Chennai,Assault,0,1,female,200.0,0.37037037037037035,40.74074074074075
Chennai,Assault,0,1,male,200.0,0.37037037037037035,42.777777777777786
Chennai,Rape,1,0,female,22.0,0.040740740740740744,5.0925925925925934
Chennai,Rape,1,1,male,22.0,0.040740740740740744,5.8819444444444455
Chennai,Rape,1,1,male,22.0,0.040740740740740744,5.8819444444444455
Chennai,Rape,1,1,female,22.0,0.040740740740740744,5.601851851851853
Chennai,Rape,0,1,male,22.0,0.040740740740740744,4.705555555555556
Chennai,Rape,1,1,male,22.0,0.040740740740740744,5.8819444444444455
Chennai,Rape,0,1,male,22.0,0.040740740740740744,4.705555555555556
Chennai,Rape,1,0,female,22.0,0.040740740740740744,5.0925925925925934
Chennai,Rape,0,0,male,22.0,0.040740740740740744,4.277777777777779
Chennai,Rape,0,0,male,22.0,0.040740740740740744,4.277777777777779
Chennai,Rape,1,0,male,22.0,0.040740740740740744,5.347222222222223
Chennai,Rape,0,0,male,22.0,0.040740740740740744,4.277777777777779
Chennai,Rape,1,1,male,22.0,0.040740740740740744,5.8819444444444455
Chennai,Rape,1,0,female,22.0,0.040740740740740744,5.0925925925925934
Chennai,Rape,1,1,female,22.0,0.040740740740740744,5.601851851851853
Chennai,Rape,1,0,female,22.0,0.040740740740740744,5.0925925925925934
Chennai,Rape,0,0,female,22.0,0.040740740740740744,4.074074074074074
Chennai,Rape,0,1,male,22.0,0.040740740740740744,4.705555555555556
Chennai,Rape,0,1,female,22.0,0.040740740740740744,4.481481481481482
Chennai,Rape,0,0,male,22.0,0.040740740740740744,4.277777777777779
Chennai,Murder,1,1,female,2.9,0.00537037037037037,0.7384259259259259
Chennai,Murder,1,1,female,2.9,0.00537037037037037,0.7384259259259259
Chennai,Murder,1,0,female,2.9,0.00537037037037037,0.6712962962962963
Chennai,Murder,0,0,female,2.9,0.00537037037037037,0.537037037037037
Chennai,Murder,1,1,female,2.9,0.00537037037037037,0.7384259259259259
Chennai,Murder,1,0,female,2.9,0.00537037037037037,0.6712962962962963
Chennai,Murder,1,1,female,2.9,0.00537037037037037,0.7384259259259259
Chennai,Murder,1,1,male,2.9,0.00537037037037037,0.7753472222222223
Chennai,Murder,1,1,male,2.9,0.00537037037037037,0.7753472222222223
Chennai,Murder,1,1,male,2.9,0.00537037037037037,0.7753472222222223
Chennai,Murder,1,0,female,2.9,0.00537037037037037,0.6712962962962963
Chennai,Murder,1,1,male,2.9,0.00537037037037037,0.7753472222222223
Chennai,Murder,0,0,male,2.9,0.00537037037037037,0.5638888888888889
Chennai,Murder,1,0,male,2.9,0.00537037037037037,0.7048611111111112
Chennai,Murder,0,0,male,2.9,0.00537037037037037,0.5638888888888889
Chennai,Murder,0,1,female,2.9,0.00537037037037037,0.5907407407407407
Chennai,Murder,0,0,female,2.9,0.00537037037037037,0.537037037037037
Chennai,Murder,0,1,male,2.9,0.00537037037037037,0.6202777777777777
Chennai,Murder,1,1,male,2.9,0.00537037037037037,0.7753472222222223
Chennai,Murder,0,0,female,2.9,0.00537037037037037,0.537037037037037
Chennai,CyberCrime,1,1,male,170.0,0.3148148148148148,45.45138888888889
Chennai,CyberCrime,1,1,male,170.0,0.3148148148148148,45.45138888888889
Chennai,CyberCrime,1,0,male,170.0,0.3148148148148148,41.31944444444444
Chennai,CyberCrime,1,1,female,170.0,0.3148148148148148,43.28703703703704
Chennai,CyberCrime,0,0,male,170.0,0.3148148148148148,33.05555555555556
Chennai,CyberCrime,1,1,female,170.0,0.3148148148148148,43.28703703703704
Chennai,CyberCrime,0,0,male,170.0,0.3148148148148148,33.05555555555556
Chennai,CyberCrime,1,0,male,170.0,0.3148148148148148,41.31944444444444
Chennai,CyberCrime,0,0,female,170.0,0.3148148148148148,31.48148148148148
Chennai,CyberCrime,1,1,male,170.0,0.3148148148148148,45.45138888888889
Chennai,CyberCrime,1,1,female,170.0,0.3148148148148148,43.28703703703704
Chennai,CyberCrime,1,0,male,170.0,0.3148148148148148,41.31944444444444
Chennai,CyberCrime,1,1,male,170.0,0.3148148148148148,45.45138888888889
Chennai,CyberCrime,0,0,male,170.0,0.3148148148148148,33.05555555555556
Chennai,CyberCrime,1,1,male,170.0,0.3148148148148148,45.45138888888889
Chennai,CyberCrime,0,0,female,170.0,0.3148148148148148,31.48148148148148
Chennai,CyberCrime,0,0,female,170.0,0.3148148148148148,31.48148148148148
Chennai,CyberCrime,1,1,female,170.0,0.3148148148148148,43.28703703703704
Chennai,CyberCrime,0,1,female,170.0,0.3148148148148148,34.62962962962963
Chennai,CyberCrime,1,0,male,170.0,0.3148148148148148,41.31944444444444
